Prompts	Solution0	Solution1	Label
 ẹvẹ whọ rẹ rẹ ruẹrẹ oma họ kẹ ẹdawọ?	Nọ whọ tẹ be ruẹrẹ oma họ kẹ ẹdawọ, who re koko ebe ra họ eva owọwọ, whọ vẹ rehọ oma kpotọ se izoẹme na, nọ who te ru ohena no, whọ vẹ za enọ nọ evrẹ no, re whọ rọ dawọ otoriẹ ra, ọfariẹ, whọ rẹ vuẹ owhurẹ ra nọ ọ fotọ eria nọ e rọ bẹbẹ, ọrọurere who re serihọ eva ẹruoke re evori ra ọ sai kareghẹhọ.	Nọ whọ tẹ be ruẹrẹ oma họ kẹ ẹdawọ, who re koko iwu ra họ eva owọwọ, whọ vẹ rehọ oma kpotọ se izoẹme na, nọ who te ru ohena no, whọ vẹ za enọ nọ evrẹ no, re whọ rọ dawọ otoriẹ ra, ọfariẹ, whọ rẹ vuẹ owhurẹ ra nọ ọ fotọ eria nọ e rọ bẹbẹ, ọrọurere who re serihọ eva ẹruoke re unwe ra ọ sai kareghẹhọ.	0
Eme ufou nọ who re ruẹ nọ owhurẹ ra ọ tẹ be ta ẹme	Nọ owhurẹ ra ọtẹ be ta ẹme, wẹ keria agbara ra fọtou, who ve ri owhurẹ na ababọ ekuiroroivẹ, ute no ohena no, whẹ vẹ gaviẹ ezọ kẹ ewhurẹ na, ọfariẹ who ve kere umutho oware nọ who whurẹ họ obe ra, o rọ urere whọ rẹ kpare obọ ra avọ adhẹ nọ who te wo onọ.	Nọ owhurẹ ra ọtẹ be ta ẹme, wẹ keria agbara ra fọtou, who ve ri owhurẹ na avọ ekuiroroivẹ, ute no ohena no, whẹ vẹ gaviẹ ezọ kẹ ewhurẹ na, ọfariẹ who ve kere umutho oware nọ who whurẹ họ obe ra, o rọ urere whọ rẹ kpare owọ ra avọ adhẹ nọ who te wo onọ.	0
Eme ọ rẹ lẹliẹ emọ ewhurẹ kpohọ uwouewhurẹ?	Emọ ewhurẹ a re kpohọ uwouewhurẹ re a whurẹ eriariẹ gbe iruo obọ, eva eklase, a re se ebe nọ I re fiobọhọ kẹ ae woma, a re he whurẹ epanọ a re ro kere jẹ ruẹrẹ idhọvẹ họ gbagba. Iwhurẹ a re su ae avọ ohrẹ avọ udu owha, o rọ urere, a rẹ ruẹrẹ oma kpahe kẹ obaro akpọ nọ ure lo.	Iwhurẹ a re kpohọ uwouewhurẹ re a whurẹ eriariẹ gbe iruo obọ, eva eklase, a re se ebe nọ I re fiobọhọ kẹ ae woma, a re he whurẹ epanọ a re ro kere jẹ ruẹrẹ idhọvẹ họ gbagba. Iwhurẹ a re su ae avọ ohrẹ avọ udu owha, o rọ urere, a rẹ ruẹrẹ oma kpahe kẹ obaro akpọ nọ ure lo.	0
otẹrọnọ who leye kpohọ uwouewurẹ, eme ufou nọ who re ruẹ?	otẹrọnọ who leye kpohọ uwouewurẹ, who re yere owhurẹ ra avọ adhẹ, whọ vẹ vuẹ oware nọ o lẹle owhẹ leye, nọ ute no ọhena no, whọ rẹ nya dhedhẹ kpohọ agabra ra ababọ edo, ọfariẹ, who ve si ebe ra ze kuoma gbe ewhurẹ na, o rọ urere, whọ vẹ yeya nọ who gbe ti leye ofa ha.	otẹrọnọ who leye kpohọ eki, who re yere owhurẹ ra avọ adhẹ, whọ vẹ vuẹ oware nọ o lẹle owhẹ leye, nọ ute no ọhena no, whọ rẹ nya dhedhẹ kpohọ agabra ra ababọ edo, ọfariẹ, who ve si ebe ra ze kuoma gbe ewhurẹ na, o rọ urere, whọ vẹ yeya nọ who gbe ti leye ofa ha.	0
ẹvẹ who re ro whurẹ isase?	Who re whurẹ ibieme gbe eme kẹdẹkẹdẹ, whọ vẹ wariẹ ẹme lele owhurẹ ra re u ru isase ra woma, nọ ute no ọhena no, whu ve se nọ obeiku re ọ wha owhẹ uduama, ofariẹ, whọ vẹ yare ẹkpọhọ nọ who te ru thọ, o rọ urere, who ve he dhe erueru bẹ se nọ o rẹ lọhọ	You practice letters and words every day. Then, you repeat after your teacher to improve your pronunciation. After that, you read aloud from your storybook to gain fear. Next, you ask for correction when you make mistakes. Finally, you keep practicing until it becomes easy. — Who re whurẹ ibieme gbe eme kẹdẹkẹdẹ, whọ vẹ wariẹ ẹme lele owhurẹ ra re u ru isase ra woma, nọ ute no ọhena no, whu ve se nọ obeiku re who wo ozọo, ofariẹ, whọ vẹ yare ẹkpọhọ nọ who te ru thọ, o rọ urere, who ve he dhe erueru bẹ se nọ o rẹ lọhọ	0
Eme ufou nọ whọ rẹ wha kpohọ eklase kẹdẹkẹdẹ	kẹdẹkẹdẹ ufou nọ whọ rẹ wọ ẹkpa iskulu ra gbe ebe avọ ugbẹ, whọ vẹ wọ uvoro ra kẹ iruo efoafo, nọ ute no ọhena no, whọ vẹ wariẹ riwi re who te ti nya nọ uwou no.	kukpekukpe ufou nọ whọ rẹ wọ ẹkpa iskulu ra gbe ebe avọ ugbẹ, whọ vẹ wọ uvoro ra kẹ iruo efoafo, nọ ute no ọhena no, whọ vẹ wariẹ riwi re who te ti nya nọ edhere no.	0
Ono họ ọmọ ewhurẹ?	ọmọ ewhurẹ yọ ohwo nọ ọ rẹ gaviezọ kẹ owhurẹ eva eklase, a rẹ keria dhehdẹ a vẹ muẹro hotọ eva oke ewhurẹ, a re se ebe rae re a wo otoriẹ eware nọ a bi whurẹ.	ọmọ ewhurẹ yọ ohwo nọ ọ rẹ gaviezọ kẹ ọthoeki eva eklase, a rẹ keria dhehdẹ a vẹ muẹro hotọ eva oke ewhurẹ, a re se ebe rae re a wo otoriẹ eware nọ a bi whurẹ.	0
Ono họ owhurẹ?	owhurẹ họ ohwo nọ o re fotọ eware ekpokpọ kẹ emọ ewhurẹ, a re dikihiẹ aro eklase a vẹ kẹ eghrẹ, a rẹ za enọ, a vẹ kẹ ọkpọvio eva oke ẹruoke, a re su emọ ewhurẹ họ uyeoruẹ re a wọ areghẹ.	ozuẹ họ ohwo nọ o re fotọ eware ekpokpọ kẹ emọ ewhurẹ, a re dikihiẹ aro eklase a vẹ kẹ eghrẹ, a rẹ za enọ, a vẹ kẹ ọkpọvio eva oke ẹruoke, a re su emọ ewhurẹ họ uyeoruẹ re a wọ areghẹ.	0
Eme ọ rẹ via nọ who gbe ru iruouwou ra ha?	Whọ tẹ se iruouwou ra ba eruo, who ti wo otoriẹ ewhure nọtha ziezi hi, orẹte da owhẹrọ I nọ who ru iruo obẹbẹ hẹ.	Whọ tẹ se iruoeklase ra ba eruo, who ti wo otoriẹ ewhure nọtha ziezi hi, orẹte da owhẹrọ I nọ who ru iruo obẹbẹ hẹ.	0
oghẹrẹkẹ Uruemu vẹ who wo eva oke ekokohọ eva iskulu.	eva oke ekokohọ, who re dikihiẹ dhehdẹ, whọ vẹ so ole orẹwho na avọ ole iskulu na avọ adhẹ, nọ ute nọ oyena no whọ vẹ gaviezọ kẹ izi gbe eghrẹ.	eva oke nọ a rẹ rọ re emu ovuvo, who re dikihiẹ dhehdẹ, whọ vẹ so ole orẹwho na avọ ole iskulu na avọ adhẹ, nọ ute nọ oyena no whọ vẹ gaviezọ kẹ izi gbe eghrẹ.	0
Nọ whọ tẹ rọo nọ owezẹ ze ohiohiẹ eva obọ uwou, eme họ eware ọsosuọ nọ ufou nọ who re ruẹ re whọ rehọ fiobọhọ kẹ orua ra re uwou na o fo?	 Nọ whọ tẹ rọo nọ owezẹ ze, ọrọ ọsosuọ, ruẹrẹ ewha ra họ, who ve where ukpẹ ra, whọ vẹ ruẹrẹ eviẹ ra họ fuafo, ute no ọhena no, who ve where otuwo na, ọfa whọ vẹ wẹ iluhu na fihọ ezuzu, o rọ urere whọ vẹ wozẹ abọ ra who teti mu iruo efa họ	Nọ whọ tẹ rọo nọ owezẹ ze, ọrọ ọsosuọ, ruẹrẹ ewha ra họ, who ve where iwhu ra, whọ vẹ ruẹrẹ eviẹ ra họ fuafo, ute no ọhena no, who ve where otuwo na, ọfa whọ vẹ wẹ iluhu na fihọ ezuzu, o rọ urere whọ vẹ wozẹ abọ ra who teti mu iruo efa họ	0
Eme ufou nọ who re ruẹ nọ o tẹ rọ ute ra re whọ wozẹ imidhe nọ atẹ re emu no, eva orua ra?	Nọ o tẹ rọ ute ra, orọ ọsosuọ who re koko imidhe gbe igho na kpobi họ, who ve worie ae vẹre re who si emu nọ a re kiọkọ no ae no, ute no ohena no, whọ vẹ rehọ odha gbe uzi wozẹ ae zieza, ofariẹ, whọ vẹ rehọ ame ofoafo worie ae je ru ae ya, ọrọ urere who ve koko ae họ ekete foafo.	Nọ o tẹ rọ ute ra, orọ ọsosuọ who re koko imidhe gbe igho na kpobi họ, who ve worie ae vẹre re who si emu nọ a re kiọkọ no ae no, ute no ohena no, whọ vẹ rehọ ẹkpẹ gbe itho wozẹ ae zieza, ofariẹ, whọ vẹ rehọ ame ofoafo worie ae je ru ae ya, ọrọ urere who ve koko ae họ ekete foafo.	0
Oghẹrẹkẹ uruemu vẹ who re dhesẹ nọ erara a tẹ ze uwou ra a jẹ keria obọ otuwou?	Nọ erara a tẹ erara e tẹ nyaze, who re yere ae avọ ọghọ gbe ehwẹ, who ve fiobọhọ kẹ ọsẹ avọ oni ra kẹ ae egbara, nọ u te no ọhena no, whọ vẹ kẹ ae ame ayo udi nọ a tẹ nọ, ọfariẹ who ve fibo nọ ekpako na a tẹ be ta ẹme, orọurere, whọ vẹ nyavrẹ nọ o tẹ rọ nọ who gbe bi ru oware ofa ha.	Nọ erara a tẹ erara e tẹ nyaze, who re yere ae avọ ọghọ gbe ehwẹ, who ve fiobọhọ kẹ ọsẹ avọ oni ra kẹ ae egbara, nọ u te no ọhena no, whọ vẹ kẹ ae ame ayo udi nọ a tẹ nọ, ọfariẹ whọ vọ họ ta ẹme nọ ekpako na a tẹ be ta ẹme, orọurere, whọ vẹ nyavrẹ nọ o tẹ rọ nọ who gbe bi ru oware ofa ha.	0
Eme ufou nọ who re ru nọ otuwou na o tẹ rọ gbegbe yọ ọsẹ gbe oni ra a ta nọ who wherie	Nọ otuwou na o tẹ rọ gbegbe, whẹ vẹ tọlọ ebe gbe ikoko nọ e rọ otọ na no, whọ vẹ rehọ oma kpotọ where ekotọ ukpẹ na, nọ u te no ọhena no, who ve voro ovu nọ egbara gbe emẹjẹ na nọ ziezi, ọfa whọ vẹ rehọ ame gbe odha ririe otuwou na, orọ urere who ve rovie ethe na kẹ ofou ọkpokpọ.	Nọ ukpẹ na o tẹ rọ gbegbe, whẹ vẹ tọlọ ebe gbe ikoko nọ e rọ otọ na no, whọ vẹ rehọ oma kpotọ where ekotọ ukpẹ na, nọ u te no ọhena no, who ve voro ovu nọ egbara gbe emẹjẹ na nọ ziezi, ọfa whọ vẹ rehọ ame gbe odha ririe otuwou na, orọ urere who ve rovie ethe na kẹ ofou oyoma.	0
Eve ufou nọ who re ro fiobọhọ nọ oni ra o te bi there ẹbẹ eva owouemu yọ ọguọlọ obọufihọ ra?	Nọ oni ra o te bi there ẹbẹ, whọ rẹ wozẹ ebe na rọ kẹe, whọ vẹ biẹae ẹrera eva odhe, nọ u te no ọhena no, who ve vo ame nọ a rẹ rọ wozẹ ebẹro na, ọfariẹ, whọ vẹ kẹe ekwakwa emu nọ ọ tẹ guọlọ ae, orọ urere who ve fiọbọhọ kẹe wozẹ imidhe na nọ ote there ẹbẹ na reno.	Nọ oni ra o te bi there ẹbẹ, whọ rẹ wozẹ ebe na rọ kẹe, whọ vẹ biẹae ẹrera eva odhe, nọ u te no ọhena no, who ve vo ame nọ a rẹ rọ wozẹ ebẹro na, ọfariẹ, whọ vẹ kẹe ekwakwa emu nọ ọ tẹ guọlọ ae, orọ urere who ve fiọbọhọ kẹe kpe imidhe na nọ ote there ẹbẹ na reno.	0
Re whọ tẹte wezẹ, whọ rẹ	Re whọ tẹte wezẹ, whọ rẹ kwa ikolo rag be ebe ra zihie fihọ oria rae. Whọ vẹ furie, ikpẹ nọ whọ guọlọ họ, nọ u te no ọhena no, whọ vẹ kae ethẹ na, ọfariẹ, whọ vẹ ruẹrẹ ẹkpa isukulu ra họ kẹ ohiohiẹ, orọ urere, who ve kiẹzẹ wezẹ dhedhẹ.	Re whọ tẹte wezẹ, whọ rẹ kwa ikolo rag be ebe ra zihie fihọ oria rae. Whọ vẹ furie, ikpẹ nọ whọ guọlọ họ, nọ u te no ọhena no, whọ vẹ kae ethẹ na, ọfariẹ, whọ vẹ ruẹrẹ ẹkpa isukulu rae họ kẹ ohiohiẹ, orọ urere, who ve kiẹzẹ wezẹ dhedhẹ.	0
Nọ iniọvo ọmaha ra ọtẹ be va viẹ eva obọ uwou …	Nọ iniọvo ọmaha ra ọtẹ be viẹ, whọ vẹ nọ oware nọ o be via, whọ vẹ rehọ eme iwowou whre ae ẹrera, nọ u te no ọhena no, whọ vẹ kẹ ae ame ayo emu o tẹ rọ nọ ohọ u bi kpe ae, ọfariẹ, who ve se ọsẹ gbe oni ra nọ o tẹ rọ nọ eviẹ na ukuhọ họ, orọ urere, whọ rẹ jọ kugbe ae bẹ siẹ nọ a rẹ fọtou.	Nọ iniọvo ọkpako ra ọtẹ be viẹ, whọ vẹ nọ oware nọ o be via, whọ vẹ rehọ eme iwowou whre ae ẹrera, nọ u te no ọhena no, whọ vẹ kẹ ae ame ayo emu o tẹ rọ nọ ohọ u bi kpe ae, ọfariẹ, who ve se ọsẹ gbe oni ra nọ o tẹ rọ nọ eviẹ na ukuhọ họ, orọ urere, whọ rẹ jọ kugbe ae bẹ siẹ nọ a rẹ fọtou.	0
Nọ o tẹ rọ ute ra re who vo ame kẹ uwou na…	Nọ o tẹ rọ ute ra, whọ vẹ wọ igogolo na kpohọ obọ oza, whv ve vo amen a ẹrera re o gbe whẹ kufiẹ hẹ, nọ u te no ọhena no, whọ vẹ wọe kpohọ obọ uwou ẹrera, ọfariẹ, who ve ku ei họ igogolo nọ a rọ sẹro ame, orọ urere, who ve ru igogolo na họ fuafo kẹ oke ọfa.	Nọ o tẹ rọ ute ra, whọ vẹ wọ ibire na kpohọ obọ oza, whv ve vo amen a ẹrera re o gbe whẹ kufiẹ hẹ, nọ u te no ọhena no, whọ vẹ wọe kpohọ obọ uwou ẹrera, ọfariẹ, who ve ku ei họ igogolo nọ a rọ sẹro ame, orọ urere, who ve ru ibire na họ fuafo kẹ oke ọfa.	0
Eme ufou nọ who re ruẹ nọ whọ tẹ ruẹ nọ ighẹ nọ e wariẹ uwou ra họ o rọ gbegbe?	Otẹrẹnọ ighẹ nọ e wariẹ uwou ra họ o rọ gbegbe, orọsosuọ, whọ rẹ tọlọ iluhu gbe ebe nọ e rọ otọ na no, whọ vẹ rehọ ẹgha where ighẹ na ziezi, nọ u te no ọhena no, whv ve koko iluhu na họ oria ọvo, ofariẹ, whọ vẹ wẹ ae họ ezuzu, orọurere, whọ vẹ rehọ odha wozẹ abọ ra.	Otẹrẹnọ ighẹ nọ e wariẹ uwou ra họ o rọ gbegbe, orọsosuọ, whọ rẹ tọlọ iluhu gbe ebe nọ e rọ otọ na no, whọ vẹ rehọ ẹgha where ighẹ na ziezi, nọ u te no ọhena no, whv ve koko iluhu na họ oria ọvo, ofariẹ, whọ vẹ wẹ ae họ ezuzu, orọurere, whọ vẹ rehọ odha wozẹ akọ ra.	0
Nọ ọsẹ gbe oni ra a gbẹ rọ uwou ho, ẹvẹ ufou nọ whọ rẹ rehọ ẹro te uwou na, bẹsiẹ nọ a re zihietha.	Nọ ọsẹ gbe oni ra a gbẹ riẹ hẹ, whọ rẹ jọ eva uwou na dhedhẹ, whọ rẹ ruẹ nọ who rehe roviẹ ẹthẹ na kẹ erara ha, nọ u te no ọhena no, who re ru uwou na fua je kokie họ, ọfariẹ, whọ vẹ rehọ oke ra se ebe ra, orọurere, who re dede ọsẹ gbe oni ra ziezi nọ a te zihieze.	Nọ ọsẹ gbe oni ra a gbẹ riẹ hẹ, whọ rẹ jọ eva uwou na dhedhẹ, whọ rẹ ruẹ nọ who rehe roviẹ ẹthẹ na kẹ erara, nọ u te no ọhena no, who re ru uwou na fua je kokie họ, ọfariẹ, whọ vẹ rehọ oke ra se ebe ra, orọurere, who re dede ọsẹ gbe oni ra ziezi nọ a te zihieze.	0
Nọ who te lele oni ra kpohọ obọ eki e dẹ eware emuore..	Nọ who te kpohọ obọ eki,who ve lele ei wọ ẹkpa eware na, who ve lelie salọ ebe ekpokpọ, nọ u te no ọhena no, who ve kru ugho na ziezi bẹsenọ ọ tẹ guọliẹ, ọfariẹ, who ve fiobọhọ kẹe wọ ẹkpa eware nọ ọ be dẹ na, orọurere, whọ rẹ jọ kẹliẹ bẹsenọ wha re te obọ uwou.	Nọ who te kpohọ obọ eki,who ve lele wọ ẹkpa eware na, who ve lelie salọ ebe ekpokpọ, nọ u te no ọhena no, who ve kru ugho na ziezi bẹsenọ ọ tẹ guọliẹ, ọfariẹ, who ve fiobọhọ kẹe wọ ẹkpa eware nọ ọ be dẹ na, orọurere, whọ rẹ jọ kẹliẹ bẹsenọ wha re te obọ uwou.	0
Nọ ọthoeki ọ tẹ kẹ ohwẹ ugho gbavo, nọ who lelie dẹ oware eva obọ eki…	Nọ ọthoeki ọ tẹ kẹ ohwẹ ugho gbavo, whọ vẹ rehọ oma kpotọ kele ugho na, who ve zihie ọgbavo na avọ adhẹ, who vey ere ọthoeki na rọ kẹ eki nọ what ho na, ọfariẹ, who ve mie eware nọ whọ dẹ na, whọ vẹ sẹro rae, whọ vẹ nyavrẹ nọ whọ riẹ nọ whẹ yọ owou uziẹme.	Nọ ọthoeki ọ tẹ kẹ ohwẹ ugho gbavo, whọ vẹ rehọ oma kpotọ kele ofou na, who ve zihie ọgbavo na avọ adhẹ, who vey ere ọthoeki na rọ kẹ eki nọ what ho na, ọfariẹ, who ve mie eware nọ whọ dẹ na, whọ vẹ sẹro rae, whọ vẹ nyavrẹ nọ whọ riẹ nọ whẹ yọ owou uziẹme.	0
Eva eki nọ ahwo buobu a jẹ be dẹ jẹ zẹ...	Eva eki na, whọ rẹ nya ẹrera eva udevie ahwo na, whọ vẹ tọlọ eware nọ whọ guọlọ ọvo, nọ u te no ọhena no, whọ vẹ nọ ọthoeki na unu ugho, ọfariẹ, whọ vẹ wha osae ogbagba rọ kẹ eware nọ whọ dẹ na, orọurere, whọ vẹ wọ ẹkpa ra vrẹ ziẹzi.	Eva eki na, whọ rẹ nya ẹrera eva udevie ahwo na, whọ vẹ tọlọ eware nọ whọ guọlọ ọvo, nọ u te no ọhena no, whọ vẹ nọ ọthoeki na unu ugho, ọfariẹ, whọ rẹ wha osae ogbagba rọ kẹ eware nọ whọ dẹ na ha, orọurere, whọ vẹ wọ ẹkpa ra vrẹ ziẹzi.	0
Epanọ whọ rẹ rọ dẹ ibimire ekpokpọ eva obọ eki…	Nọ whọ tẹ be dẹ ibimire, orọsosuọ who re riwi ibimire na, who ve dheobọ tea e sọ a rọ ziezi, who ve se ore rae sọ a rọ wewere, whọ vẹ nọ ohwo nọ ọ be zẹ ae na kpahe ọnọ ọ mae woma, orurere whọ vẹ rehọ oma kpotọ sanọ ae whọ tẹ te wha osa.	Nọ whọ tẹ be dẹ ibimire, orọsosuọ who re riwi ibimire na, who ve dheobọ tea e sọ a rọ ziezi, who ve se ore rae sọ a rọ wewere, whọ vẹ nọ okwori na kpahe ọnọ ọ mae woma, orurere, whọ vẹ rehọ oma kpotọ sanọ ae whọ tẹ te wha osa.	0
Nọ whọ tẹ nya he dẹ iwhu eva obọ eki…	Nọ whọ tẹ be dẹ iwhu, who re ri hie ziezi sọ, uti fou ohwẹ, who ve ri hie sọ ọ te were ohwẹ, nọ u te no ohena no, who ve dhe obọ te ewhu na sọ emamọ, ọfariẹ, whọ vẹ nọ unu ugho riẹ jẹ tho ẹ avọ adhẹ, orurere, whọ vẹ sanọ ọnọ ọmae woma jẹ wha osa.	Nọ who te bi tho iwhu, who re ri hie ziezi sọ, uti fou ohwẹ, who ve ri hie sọ ọ te were ohwẹ, nọ u te no ohena no, who ve dhe obọ te ewhu na sọ emamọ, ọfariẹ, whọ vẹ nọ unu ugho riẹ jẹ tho ẹ avọ adhẹ, orurere, whọ vẹ sanọ ọnọ ọmae woma jẹ wha osa.	0
Eme ufou nọ who re ruẹ nọ ọthoeki ọ tẹ kẹ ohwẹ eware nọ e kao vi ugho nọ whọ wha?	Nọ ọthoeki na ọ tẹ kẹ ohwẹ okakao, orọsosuọ, whọ rẹ kiẹ eware nọ whọ dẹ na avọ ẹrera, who ve kele ae ọvoọvo, nọ u te no ohena no, who ve zihie a vọ adhẹ he nọ onọ oware nọ u bi vruẹ na, whọ vẹ hẹrẹ bẹse nọ a rẹ kẹ ohwẹ eware nọ ivru na.	Nọ ọthoeki na ọ tẹ kẹ ohwẹ okakao, orọsosuọ, whọ rẹ kiẹ edhere ra ẹrera, who ve kele ae ọvoọvo, nọ u te no ohena no, who ve zihie a vọ adhẹ he nọ onọ oware nọ u bi vruẹ na, whọ vẹ hẹrẹ bẹse nọ a rẹ kẹ ohwẹ eware nọ ivru na.	0
Nọ whọ tẹ be hẹrẹ re whọ wa osa e va obọ eki, yọ ahwo a rọ buobu?	Nọ whọ tẹ be hẹrẹ re whọ wa osa, who re dikihiẹ emu ahwo ọfa na ababọ edou, who ve kru eware nọ whọ dẹ avọ ziezi, who du tuhu ayo doku ahwo ho, nọ u te te ute ran a, who ve kpohọ obaro, whọ vẹ wha osa ovẹrẹ, whọ vẹ nyavrẹ.	Nọ whọ tẹ be hẹrẹ re whọ wa osa, who re dikihiẹ emu ahwo ọfa na ababọ edou, who ve kru eware nọ whọ dẹ avọ ziezi, who ve tuhu je doku ahwo, nọ u te te ute ran a, who ve kpohọ obaro, whọ vẹ wha osa ovẹrẹ, whọ vẹ nyavrẹ.	0
Nọ whọ tẹ nya e dẹ emu eva oria nọ a jẹ zẹ emuore…	Eva oria nọ a jẹ zẹ emuore, who re yere iruiruo na avọ adhẹ, whọ vẹ hẹrẹ re u te ute ra, whọ vẹ wha osa emu na whọ tẹte reẹ. Ọfariẹ, whọ vẹ keria fihọ emẹjẹ na dhedhẹ nọ whọ tẹ be re emu na.	Eva ukpẹ na, who re yere iruiruo na avọ adhẹ, whọ vẹ hẹrẹ re u te ute ra, whọ vẹ wha osa emu na whọ tẹte reẹ. Ọfariẹ, whọ vẹ keria fihọ emẹjẹ na dhedhẹ nọ whọ tẹ be re emu na.	0
 Nọ ọsẹ gbe oni ra a te vi ohwẹ nya he dẹ ibrẹdi eva oria nọ okẹle…	Nọ a te vi owhẹ he dẹ ibrẹdi, who ve yere ohwo nọ ọ be zẹe na, whọ vẹ nọ onọ ibrẹdi nọ whọ guọlọ na, nọ u te no ohena no, whọ vẹ kẹe unu ugho nọ ọzẹriẹ, who ve yere ohwo nọ ọ be zẹe na whọ tẹte nyavrẹ.	Nọ a te vi owhẹ he dẹ ibrẹdi, who ve yere ohwo nọ ọ be zẹe na, whọ vẹ nọ onọ ibrẹdi nọ whọ guọlọ na, nọ u te no ohena no, whọ vẹ kẹe unu ugho nọ ọzẹriẹ, whọ vọ la ohwo nọ ọ be zẹe na eka whọ tẹte nyavrẹ.	0
Nọ a te vi ohwẹ he dẹ oware, yọ whọ ruẹ oria nọ a be jẹ zẹe he.?	Whọ gbẹ ruẹ oria nọ a be jẹ zẹe he, orọsosuọ whọ rẹ nọ ọkpakọ nọ o dhesẹ edhere kẹ owhẹ, avọ adhẹ, whọ vẹ hẹ nya ẹrera bẹse nọ who re te oria na, whọ vẹ dẹ oware nọ a vi owhẹ na, ọfariẹ, whọ wẹ wọe kpo ẹrera, orọurere, whọ vẹ vuẹ ọsẹ gbe oni ra eware kpobi nọ evia.	Whọ gbẹ ruẹ oria nọ a be jẹ zẹe he, orọsosuọ who re muofu zihe kpohọ obọuwou, whọ vẹ hẹ nya ẹrera bẹse nọ who re te oria na, whọ vẹ dẹ oware nọ a vi owhẹ na, ọfariẹ, whọ wẹ wọe kpo ẹrera, orọurere, whọ vẹ vuẹ ọsẹ gbe oni ra eware kpobi nọ evia.	0
Nọ who te lele orua ra e re emu eva oria nọ a jọ zẹ emuore, eme ufou nọ who re ruẹ re whọ tẹ te keria?	Nọ whọ tẹ roeva oria nọ a oria nọ a jọ zẹ emuore, who ve yere ahwo nọ a be zẹ na avọ adhẹ, whọ vẹ guọlọ emẹjẹ nọ ọfo nọ whọ rẹ keria, who ve agbara je keria ziezi, ọfariẹ, whọ vẹ hẹrẹ re a kẹ owhẹ obe nọ a kere emuore na fihọ, orọurere, who ve yere ohwo nọ ọbezẹ na ta re whọ tẹ te vuẹ onọ whọ guọlọ.	Nọ whọ tẹ roeva oria nọ a oria nọ a jọ zẹ emuore, who ve yere ọmoti na avọ adhẹ, whọ vẹ guọlọ emẹjẹ nọ ọfo nọ whọ rẹ keria, who ve agbara je keria ziezi, ọfariẹ, whọ vẹ hẹrẹ re a kẹ owhẹ obe nọ a kere emuore na fihọ, orọurere, who ve yere ohwo nọ ọbezẹ na ta re whọ tẹ te vuẹ onọ whọ guọlọ.	0
Nọ whọ tẹ guọlọ fi otọ kọ ewhru…	Orọsosuọ, whọ rẹ wọ ọpia ra kpohọ obọ ẹwọ ohiohiẹ frifri, whọ vẹ gbẹ ebe ithethei na, who vo koko ebe gbọ ibire na họ ikru, ọfariẹ, whọ vẹ mahe ikru na ọrera, orọurere, who ve ru otọ nọ fuafo jẹ ruẹriẹ họ kẹ ẹkọ.	Orọurere, whọ rẹ wọ ọpia ra kpohọ obọ ẹwọ ohiohiẹ frifri, whọ vẹ gbẹ ebe ithethei na, who vo koko ebe gbọ ibire na họ ikru, ọfariẹ, whọ vẹ mahe ikru na ọrera, orọurere, who ve ru otọ nọ fuafo jẹ ruẹriẹ họ kẹ ẹkọ.	0
ẹvẹ who re ro kporo ọlẹ ziezi eva udhu ra?	Orọsosuọ, whọ rẹ rehọ ẹwhẹ ra kporo egọdọ esese, who ve fi ibi elẹ na họ egọdọ na, nọ u te no ọhena no, whọ vẹ rehọ ẹkpẹ ruruae ẹrera, ọfariẹ, whọ vẹ gbẹ ebe nọ erọ ekotọ rae. Orọurere, whọ vẹ hẹrẹ re osou nọ o re fiobọhọkẹ ae.	Orọsosuọ, whọ rẹ rehọ ẹwhẹ ra kporo egọdọ esese, who ve fi ibi igu na họ egọdọ na, nọ u te no ọhena no, whọ vẹ rehọ ẹkpẹ ruruae ẹrera, ọfariẹ, whọ vẹ gbẹ ebe nọ erọ ekotọ rae. Orọurere, whọ vẹ hẹrẹ re osou nọ o re fiobọhọkẹ ae.	0
Eme họ iruẹru nọ who re ruẹ, nọ whọ tẹ guọlọ frẹ ame ku ọgbọ ebe?	Who re vo ame ohiohiẹ frifri nọ oke ugbe dhẹ, who ve ku ame na họ awọ rae ẹrera, nọ u te no ọhena no, who ve ku ame na wariẹ ae họ, ọfariẹ, who re si ebe eyaya nọ ọgbọ na, who ve zihie igogolo na je se eri họ.	Who re vo ame eva oke uvou, who ve ku ame na họ awọ rae ẹrera, nọ u te no ọhena no, who ve ku ame na wariẹ ae họ, ọfariẹ, who re si ebe eyaya nọ ọgbọ na, who ve zihie igogolo na je se eri họ.	0
Nọ whọ tẹ guọlọ le evra nọ udhu ra, eme ufou nọ who re ruẹ?	Orọsosuọ, who re ko ibire ithethei rọ wariẹ udhu na họ, who ve thuhu iwu anwae họ ibire na, nọ u te no ọhena no, kokekoke nọ evra e tẹ ra ze who ve bo unu ayo whọ vẹ tehe abọ, ofariẹ, who re he riwi udhu na kẹsekẹse re who ro le ae thetheabọ, wọ rẹ sẹro ekakọ nọ bẹ oke ivuẹvu.	Orọsosuọ, who bru imalẹ ithethei rọ wariẹ udhu na họ, who ve thuhu iwu anwae họ ibire na, nọ u te no ọhena no, kokekoke nọ evra e tẹ ra ze who ve bo unu ayo whọ vẹ tehe abọ, ofariẹ, who re he riwi udhu na kẹsekẹse re who ro le ae thetheabọ, wọ rẹ sẹro ekakọ nọ bẹ oke ivuẹvu.	0
ẹvẹ whọ rẹ rọ kọrọ eka?	Whọ rẹ wọ ekete kpohọ obọ udhu na, who ve wiri ugbe eka eyaya na, nọ u te no ọhena no, whọ vẹ viẹ ehọ na no ẹrera, ofariẹ, who ve fi eka na họ ekete na, whọ vẹ wọ ekete na kpohọ obọuwou.	Whọ rẹ wọ ekete kpohọ obọ udhu na, who ve wiri ugbe eka eyaya na, nọ u te no ọhena no, whọ vẹ viẹ ehọ na no ẹrera, ofariẹ, who ve fi isukulu na họ ekete na, whọ vẹ wọ ekete na kpohọ obọuwou.	0
Nọ whọ tẹ guọlọ gbẹbe họ udhu ra…	Whọ rẹ thọ ọpia ra who te ti muhọ, whọ vẹ nyahe ebe na kẹle awọ rae, who ve koko ebe na họ ekru, ọfariẹ, who ve tu era hae ayo whọ vẹ wọ ae kufiẹ, whọ vẹ nya sie ẹwọ na ba fuafo.	Whọ rẹ thọ ọpia ra who te ti muhọ, whọ vẹ nyahe ebe na kẹle awọ rae, who ve koko ebe na họ ekru, ọfariẹ, who ve tu era hae ayo whọ vẹ wọ ae kufiẹ, whọ vẹ nya sie ẹwọ na ba gbegbe.	0
ẹvẹ who re ro koko igu họ kẹ ẹkọ?	Who re bru igbe ẹgu na ẹrẹrẹ, who ve kporo egọdọ esese họ otọ na, whọ vẹ rehọ igbe ẹgu na kiẹzẹ egọdọ na, ọfariẹ, whọ vẹ rehọ ẹkpẹ ruru ae, whọ vẹ hẹrẹ re isou na e rọ ku ae.	Who re bru igbe ẹgu na ẹrẹrẹ, who ve kporo egọdọ esese họ otọ na, whọ vẹ rehọ igbe ẹgu na kiẹzẹ igogolo na, ọfariẹ, whọ vẹ rehọ ẹkpẹ ruru ae, whọ vẹ hẹrẹ re isou na e rọ ku ae.	0
Eme họ iruẹru nọ who re ruẹ no whọ tẹ guọlọ tọ egọdọ nọ a rẹ rọ kọ egwọ?	Whọ rẹ gbẹ ebe nọ otọ na no, whọ vẹ rehọ ẹwhẹ ra ro kporo erẹ ithethei, who ve ru egọdọ e sese họ eva erẹ na, who ve fi ibi ewhọ na eva riẹ whọ vẹ rehọ ẹkpẹ ro ruru ae omojọ.	Whọ rẹ gbẹ ebe nọ otọ na no, whọ vẹ rehọ ẹwhẹ ra ro kporo erẹ ithethei, who ve ru egọdọ e sese họ eva erẹ na, who ve fi ibi iti na eva riẹ whọ vẹ rehọ ẹkpẹ ro ruru ae omojọ.	0
ẹvẹ who re ro vu epapa?	Orọsosuọ, who re vu epapa na nọ ota na, who ve nyuhu ẹkpẹ nọ awọ rae no, who ve fi ae họ uvou, ofariẹ, who ve he ku ae riẹriẹ nọ oke te oke, orọurere who ve fi ae họ ẹkpa nọ e tẹ ya no.	Orọsosuọ, who re vu epapa na nọ ame na, who ve nyuhu ẹkpẹ nọ awọ rae no, who ve fi ae họ uvou, ofariẹ, who ve he ku ae riẹriẹ nọ oke te oke, orọurere who ve fi ae họ ẹkpa nọ e tẹ ya no.	0
Nọ whọ tẹ guọlọ sẹro elẹ nọ who te vu ae no…	Whọ rẹ tọ ebọ idhedhẹ họ emu uwou ra, whọ vẹ ruẹre ilẹ na hiẹ ziezi, nọ u te no ohena na no, whọ vẹ rehọ eha ruru ae, whọ vẹ họ kiẹ kẹsekẹse fiki ọ iyoma, orurere, whọ vẹ sẹro ilẹ na te ezi ekakọ nọtha.	Whọ rẹ tọ ebọ idhedhẹ họ emu idhe ra, whọ vẹ ruẹre ilẹ na hiẹ ziezi, nọ u te no ohena na no, whọ vẹ rehọ eha ruru ae, whọ vẹ họ kiẹ kẹsekẹse fiki ọ iyoma, orurere, whọ vẹ sẹro ilẹ na te ezi ekakọ nọtha.	0
Oha nọ o ta nọ ‘ikako ẹrooke u re siwi izi’ eme họ otofa riẹ?	Otofa riẹ họ, whọ tẹ kiẹ oja ọsese eva ẹrooke, u re zihie ro ulogbo ho, wọhọ nu who te ko ẹbere osese nọ ọrọ ewhu ra, ọ re wha hiẹ ughogho ulogbo uzihie ruọ ẹsiẹfa.	Otofa riẹ họ, whọ tẹ jẹ oja ọsese fiẹ eva ẹrooke, u re zihie ro ulogbo ho, wọhọ nu who te ko ẹbere osese nọ ọrọ ewhu ra, ọ re wha hiẹ ughogho ulogbo uzihie ruọ ẹsiẹfa.	0
Eme họ otofa ọ nana ‘ru ihe nọ uvou u bi lo’?	Otofa riẹ họ, who ru iruo eva ẹrooke, wọhọ nọ ọwhẹrẹ o vuhu ẹbe riẹ nọ uvou o gbẹ rọ, ayo ọmọ ewhurẹ o se ebe riẹ nọ ikpẹ e rọ.	Otofa riẹ họ, who ru iruo eva ẹrooke, wọhọ nọ ọwhẹrẹ o vuhu ẹbe riẹ nọ osou ọ be rọ, ayo ọmọ ewhurẹ o se ebe riẹ nọ ikpẹ e rọ.	0
ẹvẹ ma re ro wo otoriẹ ẹme nọ a ta nọ, ‘ubro ibrẹdi u woma vi igheghe’	otofariẹ họ uwoma re whọ rọwo erere ọsese vi ukpenọ whọ rẹ se ẹe whọ vẹ jọ ababọ, wọhọ nọ whọ tẹ rehọ emu ọsese u woma vi ohọ nọ u rhe kpe ohwẹ.	otofariẹ họ uwoma re whọ rọwo erere ọsese vi ukpenọ whọ rẹ se ẹe whọ vẹ jọ ababọ, wọhọ nọ whọ tẹ rehọ owezẹ osese u woma vi ohọ nọ u rhe kpe ohwẹ.	0
Fa otọ oha na ‘who du kele ekoko ra re a tẹte sa ha’	Otofa riẹ họ, who du fi eva họ eware nọ e rete via ha, wọhọ whọ du re ugho nọ who ri ti woho ho.	Otofa riẹ họ, who fi eva họ eware nọ e rete via ha, wọhọ whọ du re ugho nọ who ri ti woho ho.	0
Eme họ otofa ọ nana ‘ nọ ini ivẹ a tẹ họrọ, uye o re bẹ ẹbe’?	Otofa riẹ họ, nọ ahwo ivẹ nọ a wọ ẹgba a tẹ whọ, eyẹlẹ nọ e rọ akotọ rae uye orẹ mae bẹ.	Otofa riẹ họ, nọ ahwo ivẹ nọ a wọ ẹgba a tẹ whọ, uye o rẹ bẹ eyẹlẹ nọ erọ akotọ rae hi.	0
ọvra ọvo nọ ọrọ obọ, o wọhọ ivẹ nọ erọ obọ odi’ eme ohena u dikihiẹ kẹ?	Otofa riẹ họ, oware nọ who wo nọ, o ghare vi o nọ who bi rẹro kpahe.	Otofa riẹ họ, oware nọ who bi rẹro kpahe u woma vi o nọ who wo no.	0
Igogolo ifofe e rẹ mae ru edo’ eme họ otofa riẹ?	otofariẹ họ, ahwo nọ a riẹ umotho oware uthẹsejọ a rẹ mae se eha jẹ ta ẹme burọ.	otofariẹ họ, ahwo nọ a riẹ ga rọ uthẹsejọ a rẹ mae se eha jẹ ta ẹme burọ.	0
kẹ otofa itẹ na ‘a bọ iromu ẹdẹ ọvo ho’	otofariẹ họ, ikpeware e rẹ rehọ oke avọ odiri re a teti wo ae, wọhọ, whọ rẹ sae whurẹ iruo obọ ẹdẹ ọvo ho.	otofariẹ họ, ikpeware e rẹ rehọ emu avọ idi re a teti wo ae, wọhọ, whọ rẹ sae whurẹ iruo obọ ẹdẹ ọvo ho.	0
Didi orẹ o rọ ẹme na ‘ whọ rẹ sae re ikeki ra re who woi hi’?	Otofa riẹ họ, whọ rẹ sae raha oware no je woi hi, wọhọ, whọ tẹ re ikeki ra, who gbe woi hi.	Otofa riẹ họ, whọ rẹ sae raha oware no je woi hi, wọhọ, whọ tẹ re ikeki ra, who gbe woi.	0
ẹvẹ ma rẹ rọ rehọ oha na ru iruo ‘evra nọ e kake nyaze a re mu edha’?	Otofa riẹ họ, ahwo nọ a mu irou rae họ eva ẹrooke, a wo emamọ uvẹ nọ a rẹ rọ nyaharo, wọhọ ọmọ ewhurẹ nọ o se ebe riẹ eva ẹrooke, ọ rẹ riẹ ru eva ẹdawọ.	Otofa riẹ họ, ahwo nọ a mu irou rae họ eva ẹrooke, a wo emamọ uvẹ nọ a rẹ rọ nyaharo ho, wọhọ ọmọ ewhurẹ nọ o se ebe riẹ eva ẹrooke, ọ rẹ riẹ ru eva ẹdawọ hẹ.	0
Oke nọ Ọghẹnẹ ọ vuẹ Abrahamu nọ ọ re họ ọmọzae riẹ Aiziki ro dheidhe eme Abraham o ru?	Abrahamu o yo ẹme Ọghẹnẹ ọ tẹ ruẹrẹ omakpahe re ọ rehọ Aiziki ro dhidhe eva obọ ugheru na, o te koko ire họ, ọ tẹ vi agbada-idhe je fi ọmọzae riẹ eru riẹ, opanọ ọ rẹ kpare aghae na, okọ-Ọnowo na ọ tẹ wha hiẹ, ọ tẹ ruẹ egbo nọ izei riẹ eyagha họ etuetue. Abraham o te se odẹ oria na ‘Ọnowo na ọ rẹ kẹ’	Abrahamu o yo ẹme Ọghẹnẹ hẹ, ọ tẹ ruẹrẹ omakpahe re ọ rehọ Aiziki ro dhidhe eva obọ ugheru na, o te koko ire họ, ọ tẹ vi agbada-idhe je fi ọmọzae riẹ eru riẹ, opanọ ọ rẹ kpare aghae na, okọ-Ọnowo na ọ tẹ wha hiẹ, ọ tẹ ruẹ egbo nọ izei riẹ eyagha họ etuetue. Abraham o te se odẹ oria na ‘Ọnowo na ọ rẹ kẹ’	0
Eva iku Idevidi avọ Igoliate ẹvẹ Idevidi ọ rọ kpare obọ vi Igoliate?	Idevidi ọ tọlọ ubi-utho nọ ẹkpa riẹ ze o te fie họ eva udeme, u te kie họ aroezo Igoliate, Ọgbaemo na o te kie họ otọ, Idevidi ọ tẹ rehọ ọgbọdọ Igoliate ro bru uzou riẹ no.	Imosisi ọ tọlọ ubi-utho nọ ẹkpa riẹ ze o te fie họ eva udeme, u te kie họ aroezo Igoliate, Ọgbaemo na o te kie họ otọ, Idevidi ọ tẹ rehọ ọgbọdọ Igoliate ro bru uzou riẹ no.	0
Eme ọvia nọ a gbele Edaniẹle họ evaọ ọgọdọ ikpohrokpo?	A gbele Edaniẹle họ evaọ ọgọdọ ikpohrokpo, rekọ Ọghẹnẹ o te vi injẹle riẹ, a te wuhu enu ikpohrokpo na evaọ aso nọ kpobi a gbẹ nwa ei oma ha, evaọ ohiohiẹ ovie na ọ tẹ ghọghọ je jiri Ọghẹnẹ Edaniẹle.	A gbele Edaniẹle họ evaọ ọgọdọ ikpohrokpo, rekọ Ọghẹnẹ o te vi aye jọ, a te wuhu enu ikpohrokpo na evaọ aso nọ kpobi a gbẹ nwa ei oma ha, evaọ ohiohiẹ ovie na ọ tẹ ghọghọ je jiri Ọghẹnẹ Edaniẹle.	0
Fikieme Ijona ọ rọ jọ evaọ eri ologbo?	Ijona ọ dhẹ se Ọnowo na ba kpobọ Etashishi, ẹkporo ologbo ọ tẹ jọ, enọ iwou uzou okọ na a te gbele ei họ abade na, eri ologbo ọ tẹ lọ ei, ọ tẹ jọ etẹ edẹ-esa gbe eso-esa.	Ijona ọ dhẹ se Ọnowo na ba kpobọ Ininẹve, ẹkporo ologbo ọ tẹ jọ, enọ iwou uzou okọ na a te gbele ei họ abade na, eri ologbo ọ tẹ lọ ei, ọ tẹ jọ etẹ edẹ-esa gbe eso-esa.	0
Eme Ijesu ọ rehọ ikulu isoi avọ imiyei ivẹ ru?	Ijesu ọ rehọ ikulu isou avọ imiyei ivẹ, ọ tẹ kẹ uyere, ọ tẹ bẹre ae, ọ tẹ ru otu obuobu na nọ ejọ ezae idu isoi eva vọ, yọ eyae gbe emọ etẹ jariẹ, kẹsena, a tẹ rehọ ibro nọ ikiọkọ koko ikete ikpegbivẹ họ.	Ijesu ọ rehọ ikulu isou avọ imiyei ivẹ, ọ tẹ kẹ uyere, ọ tẹ bẹre ae, ọ tẹ ru otu obuobu na nọ ejọ ezae ikpe eva vọ, yọ eyae gbe emọ etẹ jariẹ, kẹsena, a tẹ rehọ ibro nọ ikiọkọ koko ikete ikpegbivẹ họ.	0
Eme ọ via kẹ Epọlo avọ Esailase nọ a lẹ evaọ uwou-odi?	Evaọ udevie-aso, a tẹ lẹ jẹ so ile ujiro kẹ Ọghẹnẹ, idudhe na otọ u te nuhu ruaro, ethẹ uwou-odi na ite rovie fihọ, eba rae e tẹ fere ino, jọ ute gbe oriekarọ na unu.	Evaọ udevie-aso, a tẹ lẹ jẹ so ile ujiro kẹ Ọghẹnẹ, idudhe na oso ologbo ọ tẹ rọ, ethẹ uwou-odi na ite rovie fihọ, eba rae e tẹ fere ino, jọ ute gbe oriekarọ na unu.	0
Ono ọ zẹ Ijesu kẹ olori izerẹ na ọgba ẹwẹe idọlọ efuafo?	Ijudas iskariọto omọvo ilele igbegbivẹ na, ọhe ọ lẹlẹ nya bru olori izerẹ na ọ tẹ rọwo nọ o re kẹe Ijesu, ẹsiẹfa, ọ tẹ rehọ oviọlọ unu ro vivi ei.	Ijudas iskariọto omọvo ilele igbegbivẹ na, ọhe ọ lẹlẹ nya bru olori izerẹ na ọ tẹ rọwo nọ o re kẹe Ijesu, ẹsiẹfa, ọ tẹ rehọ ole ro vivi ei.	0
Eme ọvia nọ a họ Ijesu ame no evaọ ethẹ Jọdan?	Oke nọ Ijesu ọ va nọ ame na ze, Ẹzi-Ọghẹnẹ o te whou otọ ze wọhọ eruerue, uru jọ u te nọ eru ze ta nọ, ‘ọnana họ Ọmọ oyoyou mẹ, ọnọ ọ were omẹ rọ’. oka na ute gbe ahwo na enu.	Oke nọ Esamuẹle ọ va nọ ame na ze, Ẹzi-Ọghẹnẹ o te whou otọ ze wọhọ eruerue, uru jọ u te nọ eru ze ta nọ, ‘ọnana họ Ọmọ oyoyou mẹ, ọnọ ọ were omẹ rọ’. oka na ute gbe ahwo na enu.	0
ẹvẹ igbẹhẹ Ejẹriko I ro kie họ otọ?	Ahwo izrẹle a nya okpẹwho na wariẹ edẹ ihrẹ, evaọ ẹdẹ avọ ihrẹ na, a tẹ koyẹ je kporo enware na, igbẹhẹ na I te kie fihọ otọ gbrarara, ere a tẹ rehọ orewho na.	Ahwo izrẹle a nya okpẹwho na wariẹ edẹ ezeza, evaọ ẹdẹ avọ ezeza na, a tẹ koyẹ je kporo enware na, igbẹhẹ na I te kie fihọ otọ gbrarara, ere a tẹ rehọ orewho na.	0
ẹvẹ igbẹhẹ Ejẹriko I ro kie họ otọ?	Ahwo izrẹle a nya okpẹwho na wariẹ edẹ ihrẹ, evaọ ẹdẹ avọ ihrẹ na, a tẹ koyẹ je kporo enware na, igbẹhẹ na I te kie fihọ otọ gbrarara, ere a tẹ rehọ orewho na.	Ahwo izrẹle a nya okpẹwho na wariẹ edẹ ezeza, evaọ ẹdẹ avọ ezeza na, a tẹ koyẹ je kporo enware na, igbẹhẹ na I te kie fihọ otọ gbrarara, ere a tẹ rehọ orewho na.	0
Ono ọ vro Ijesu isiasa bẹsenọ ọkpa na o ti bo?	Ipata nọ o lele Ijesu evaọ ugbo. Nọ a nọe ọ te vro isiasa nọ ọ riẹ riẹ hẹ, wha nọ ere ọkpa na o te bo, pita ọ tẹ viẹ gaga.	Ipata nọ o lele Ijemisi evaọ ugbo. Nọ a nọe ọ te vro isiasa nọ ọ riẹ riẹ hẹ, wha nọ ere ọkpa na o te bo, pita ọ tẹ viẹ gaga.	0
Ono ọ rẹ rehọ ẹro te orua?	ọsẹ na ọ rẹ rehọ ẹro te evaọ ewhurẹ, ẹwhọkuo, ọ rẹ ruẹ nọ orua na o zọ, ọ rẹ ruẹ uye, re o kẹ ae eware nọ a guọlọ je fiobọ họ kẹ ae avọ uyoyou.	Erakọ na ọ rẹ rehọ ẹro te evaọ ewhurẹ, ẹwhọkuo, ọ rẹ ruẹ nọ orua na o zọ, ọ rẹ ruẹ uye, re o kẹ ae eware nọ a guọlọ je fiobọ họ kẹ ae avọ uyoyou.	0
Jẹse a jẹ rhu igho họ ọmọtẹ evaọ oke orọo?	A re rhu igho họ ọmọtẹ evaọ ighẹ ọmọtẹ na, evaọ iraro ekpako gbe imoni riẹ, orua na ọ rẹ re hae avọ ighale gbe elẹ.	A re rhu igho họ ọmọtẹ evaọ ighẹ ọmọtẹ na, evaọ iraro ekpako gbe imoni riẹ, orua na ọ rẹ re hae ababọ ighale gbe elẹ.	0
ẹvẹ emaha a rẹ rọ dhẹ ọsẹ gbe oni rae?	emaha a rẹ dhẹ ọsẹ gbe oni rae nọ a tẹ kẹ ezọ kẹ ae, je yo ẹme rae, je dhesẹ adhẹ ẹsikpobi, a rẹ rehọ obọ ufihọ gbe eme adhẹ rọ rehọ oghọghọ ze uwou.	Ewe a rẹ dhẹ ọsẹ gbe oni rae nọ a tẹ kẹ ezọ kẹ ae, je yo ẹme rae, je dhesẹ adhẹ ẹsikpobi, a rẹ rehọ obọ ufihọ gbe eme adhẹ rọ rehọ oghọghọ ze uwou.	0
Didi iruo oni ọ rẹ mae ru evaọ orua?	 Oni na ọ rẹ yọrọ emọ riẹ kẹdẹkẹdẹ evaọ ẹbẹ o there, ẹruorote, gbe elẹ, o re fi obọ họ kẹ ọzae riẹ avọ uyoyou gbe areghẹ.	Ọrigbo na ọ rẹ yọrọ emọ riẹ kẹdẹkẹdẹ evaọ ẹbẹ o there, ẹruorote, gbe elẹ, o re fi obọ họ kẹ ọzae riẹ avọ uyoyou gbe areghẹ.	0
Ru ẹme na gba unu: orọo yọ ọvọ nọ ọ rọ udeviẹ ___.	orọo yọ ọvọ nọ ọ rọ udeviẹ ọzae avọ aye, nọ Ọghẹnẹ ọ ghale, evaọ iraro orua gbe igbenyusu.	orọo yọ ọvọ nọ ọ rọ udeviẹ ọzae avọ aye, nọ Ọghẹnẹ ọ ghale, evaọ iraro orua gbe igbenyusu.	0
uziẹme abinọ ọrue: ọzae ọ du kẹ ezọ kẹ ẹme aye riẹ hẹ.	ọrue: ufou nọ ọzae ọ rẹ gaviezọ kẹ ẹme aye riẹ, jẹ rehọ adhọ kẹ iroro avọ areghe riẹ.	uziẹme: ufou nọ ọzae ọ rẹ gaviezọ kẹ ẹme aye riẹ hẹ, ọ rẹ rehọ adhọ kẹ iroro avọ areghe riẹ gbehe.	0
wariẹ epanọ odiri u ro fo uzuazọ orua.	Odiri u fo uzuazọ orua kemena ahwo a wo iruemu sasa, nọ whọ tẹbe hẹrẹ dhedhẹ, be rehọ vrẹ iruthọ, ohwo o je bi fiobọhọ kẹ ohwo, o rẹ wha udhedhẹ ze.	Ohọrọ u fo uzuazọ orua kemena ahwo a wo iruemu sasa, nọ whọ tẹbe hẹrẹ dhedhẹ, be rehọ vrẹ iruthọ, ohwo o je bi fiobọhọ kẹ ohwo, o rẹ wha udhedhẹ ze.	0
Eme ọ rẹ via evaọ uwou nọ emaha a tẹ se iruo rae ba eruo?	nọ emaha a tẹ se iruo rae ba eruo, uwou na o vẹ jọ gbegbe, uye o vẹ bẹ esẹ gbe ini, udhedhẹ u ve nọ orua no.	nọ emaha a te ru iruo rae, uwou na o vẹ jọ gbegbe, uye o vẹ bẹ esẹ gbe ini, udhedhẹ u ve nọ orua no.	0
Ono ọ rẹ ghale ọzae avọ aye evaọ eha orọo ishọshe?	Ukọ-Ọghẹnẹ na ọ rẹ rehọ olẹ rọ ghale ọzae avọ aye na, ọ rẹ rehọ ẹme Ọghẹnẹ rọ wae udu ama, jẹ vuẹ ae nọ arọwo bẹdẹ.	erara na ọ rẹ rehọ olẹ rọ ghale ọzae avọ aye na, ọ rẹ rehọ ẹme Ọghẹnẹ rọ wae udu ama, jẹ vuẹ ae nọ arọwo bẹdẹ.	0
Oke nọ ẹdhighoro o kie ze, eme a re hiẹ ru?	Emoha a jẹ ẹ re hiẹ weze bru igbẹnyusu rae nọ e erọ iwhrẹ nọ ekẹle.. a jẹ hẹ dhẹ ẹrera evaọ idhere ithikothi, ẹdhighoro na omọvọ ọ jẹ hẹ wọ ẹsiọvo, ọ tẹ jọ edhere o kuẹku nọ a je he ro kpohọ erẹ.	Emoha a jẹ ẹ re hiẹ weze bru igbẹnyusu rae nọ e erọ edhokpa nọ ekẹle.. a jẹ hẹ dhẹ ẹrera evaọ idhere ithikothi, ẹdhighoro na omọvọ ọ jẹ hẹ wọ ẹsiọvo, ọ tẹ jọ edhere o kuẹku nọ a je he ro kpohọ erẹ.	0
ẹvẹ okọotọ u ro nwene opanọ ahwo a je he ro kpohọ erẹ?	Fiki Okọotọ ehrua a rẹ sae tehe usu họ kpohọ erẹ, evaọ ugbuthabọ, a rẹ nya vẹrẹ vrẹ ọ erao evaọ edhere, edhokọ na a rẹ sae dhẹ ahwo avọ ehwa, okọotọ o lẹliẹ orhe ọnya lọhọ, e tẹ jọ oka ọ ẹnyaharo.	Fiki enyenya ehrua a rẹ sae tehe usu họ kpohọ erẹ, evaọ ugbuthabọ, a rẹ nya vẹrẹ vrẹ ọ erao evaọ edhere, edhokọ na a rẹ sae dhẹ ahwo avọ ehwa, enyenya o lẹliẹ orhe ọnya lọhọ, e tẹ jọ oka ọ ẹnyaharo.	0
Eme họ iruo itreni evaọ oke nọ o kie je?	Itreni ọ jẹ hẹ wọ ehwa kpohọ igbuthabọ, idhere rae a nya ehwo avọ ehwo, ikporẹ buobu a thehe usu họ, itreni na ọ jẹ hẹ nya vẹrẹ evaọ idhere utehru, ọ tẹ jọ omamọ ekwakwa ekiọtho.	Itreni ọ jẹ hẹ wọ ehwa kpohọ igbuthabọ, idhere rae a nya ehwo avọ ehwo, ikporẹ buobu a thehe usu họ, itreni na ọ jẹ hẹ nya vẹrẹ evaọ idhere irhe, ọ tẹ jọ omamọ ekwakwa ekiọtho.	0
ẹvẹ ekọeru a ro nwene ehrẹ ọnya okeọnana?	Ekọeru e rẹ wọ ahwo buobu kpohọ erẹwho sasa evaọ umuthoke, e rẹ ra kperhu vi idadeghe avọ igbehru, awo nọ a bi kpohọ erẹ na a rẹ re emu, jẹ jaja oma nọ a be ra na, ekọeru I re ku erẹwo ithethabọ kugbe kọ ekiọthọ avọ ugheuriwo, ae a mae vẹrẹ avaọ ehrẹ ọnya.	Ekọame e rẹ wọ ahwo buobu kpohọ erẹwho sasa evaọ umuthoke, e rẹ ra kperhu vi idadeghe avọ igbehru, awo nọ a bi kpohọ erẹ na a rẹ re emu, jẹ jaja oma nọ a be ra na, ekọeru I re ku erẹwo ithethabọ kugbe kọ ekiọthọ avọ ugheuriwo, ae a mae vẹrẹ avaọ ehrẹ ọnya.	0
Eme ọ rẹ via nọ ọmaha ọ tẹ be mọ okpomahọ	Nọ ọmaha o te wo okpomahọ, oma na ọ vẹhẹ roro, ibiaro riẹ I ve yolo, ọmọ ọ rẹ rọ re emu hu, nọ a tẹ rehọ ero tei o je serihọ, okpomahọ ọ rẹ sae kpotọ, omoga u ve zihieze.	Nọ ọmaha o gbe wo okpomahọ họ, oma na ọ vẹhẹ roro, ibiaro riẹ I ve yolo, ọmọ ọ rẹ rọ re emu hu, nọ a tẹ rehọ ero tei o je serihọ, okpomahọ ọ rẹ sae kpotọ, omoga u ve zihieze.	0
Eme ọ rẹ via nọ owho o te wo ọwọre?	Nọ ohwo o te wo ọwọre, udu riẹ u re nyuhu, edhuvo riẹ ovẹ ya, ohwo na ọ sae wẹzẹ hẹ, evaọ aso, rekọ a tẹ kẹe ibiimu, ọwọre ma ọ sae kpo, yọ ẹwẹ okuo ọvẹ lọhọ.	Nọ ohwo o te wo uzou ulogbo, udu riẹ u re nyuhu, edhuvo riẹ ovẹ ya, ohwo na ọ sae wẹzẹ hẹ, evaọ aso, rekọ a tẹ kẹe ibiimu, ọwọre ma ọ sae kpo, yọ ẹwẹ okuo ọvẹ lọhọ.	0
Eme ọ rẹ via nọ eba I te kru ohwo?	Nọ eba I te kru ohwo, oma riẹ u rehe nyuhuẹ, uzou riẹ o rẹ jọ gbẹgbẹdẹ, ohwo na ọ vẹ họ royẹ gaga, nọ ọ tẹ rehọ usiwo no, oma na ovẹ jọ dhedhẹ, ehri o ve zihieze.	Nọ eba I te kru ohwo, oma riẹ u rehe nyuhuẹ, uzou riẹ o rẹ jọ gbẹgbẹdẹ, ohwo na ọ vẹ họ royẹ gaga, nọ ọ tẹ rehọ usiwo no, oma na ovẹ jọ dhedhẹ, ehri o re zihieze he.	0
Eme ọ rẹ via nọ ugbegbe ohwo o te wiri?	Nọ ugbegbe ohwo o te wiri, oma na o rẹ nuẹ avọ edada, abọ gbe awọ riẹ I re fuẹ, ẹnyonya ọ vẹ jọ gaga, rekọ nọ a tẹ rehọ ẹro tei ziezi, ugheghe na u re kpo, ọ vẹ wariẹ mu onya họ.	Nọ ubiakọ ohwo o te wiri, oma na o rẹ nuẹ avọ edada, abọ gbe awọ riẹ I re fuẹ, ẹnyonya ọ vẹ jọ gaga, rekọ nọ a tẹ rehọ ẹro tei ziezi, ugheghe na u re kpo, ọ vẹ wariẹ mu onya họ.	0
Eme ọ rẹ via nọ uzou o tẹ be tehe ohwo?	nọ uzou o tẹ be tehe ohwo, ibiaro riẹ I re yolo, iroro I ve dhei ọvẹ, iruo iruo I ve leye, rekọ nọ o te serihọ, edada na I re kpotọ, uzou na o vẹ wariẹ kiehọ.	nọ uzou o tẹ be tehe ohwo, ibiaro riẹ I re yolo, iroro I ve dhei ọvẹ, iruo iruo I ve leye, rekọ ababọ eriosehọ, edada na I re kpotọ, uzou na o vẹ wariẹ kiehọ.	0
Eme ọ rẹ via nọ eva e tẹ be da ohwo?	nọ eva e tẹ be da ohwo, ọ vẹ hẹ se emu, ohwo na o ve kiezẹ otọ yoloyolo, rekọ nọ e tẹ kẹe ibiimu, edada na I re kpotọ,emu ọ vẹ wariẹ muhọ ẹwere.	nọ eva e gbe be da ohwo ho, ọ vẹ hẹ se emu, ohwo na o ve kiezẹ otọ yoloyolo, rekọ nọ e tẹ kẹe ibiimu, edada na I re kpotọ,emu ọ vẹ wariẹ muhọ ẹwere.	0
Eme ọ rẹ via nọ ohwo o te tuaro?	nọ ohwo o te tuaro, ẹro na ọ rẹ sae ruẹ edhere he, abọ riẹ ọ vẹ hẹ guọlọ obọufihọ, ọ vẹ hẹ nya ẹrera, rekọ nọ a te su ei, ohwo na ọ rẹ sae nya ọkọkọ yọ udu riẹ uve te otọ.	nọ ohwo o te diezọ, ẹro na ọ rẹ sae ruẹ edhere he, abọ riẹ ọ vẹ hẹ guọlọ obọufihọ, ọ vẹ hẹ nya ẹrera, rekọ nọ a te su ei, ohwo na ọ rẹ sae nya ọkọkọ yọ udu riẹ uve te otọ.	0
Eme ọ rẹ via nọ ohwo o te diezọ?	nọ ohwo o te diezọ, ezọ na e sae yo ẹme he, unu riẹ ọ rẹ rova nọ ọ tẹ guọlọ kẹ uyo, yọ ohwo na o re wọhọ nọ ọ heọvo usu, rekọ nọ a tẹ nuhu obọ kẹi, ohwo na ọ rẹ sae kẹ ozuẹ je kuoma kugbe ahwo ọfa.	nọ ohwo o te diezọ, ezọ na e sae yo ẹme he, unu riẹ ọ rẹ rova nọ ọ tẹ guọlọ kẹ uyo, yọ ohwo na o re wọhọ nọ ọ heọvo usu, rekọ nọ a tẹ nuhu obọ kẹi, ohwo na ọ rẹ sae kẹ ozuẹ je sioma no ahwo ọfa.	0
Eme ọ rẹ via nọ ohwo ọ tẹ ga oma gaga?	nọ ohwo ọ tẹ ga oma gaga, oma riẹ o re ru iruo avọ omaukruga, abọ riẹ ọ rẹ wọ ehwa igbẹgbẹdẹ, ọ vẹ hẹ were ahwo eva, nọ ọ tẹ be re emamọ emu, ogaga na u rhe vihọ jọ oghọghọ u re lelie.	nọ oma o tẹ lọhọ ohwo gaga, oma riẹ o re ru iruo avọ omaukruga, abọ riẹ ọ rẹ wọ ehwa igbẹgbẹdẹ, ọ vẹ hẹ were ahwo eva, nọ ọ tẹ be re emamọ emu, ogaga na u rhe vihọ jọ oghọghọ u re lelie.	0
Eme ọ rẹ via nọ oma ohwo o tẹ ga?	nọ oma ohwo o tẹ ga, ohoma riẹ u re lo, ọ rẹ nya vẹrẹ, jọ ohwo na ọ rẹ re akpo kẹdẹkẹdẹ, nọ a tẹ rehọ ero tei, oma oga na o rẹ tọ, jọ udhedhẹ o vẹ jọ.	nọ oma ohwo o tẹ ga, ohoma riẹ u re lo, ọ rẹ nya vẹrẹ, jọ ohwo na ẹdẹ ọvo ọ rẹ re akpo, nọ a tẹ rehọ ero tei, oma oga na o rẹ tọ, jọ udhedhẹ o vẹ jọ.	0
Eme ọkpa o re ru kohiohiẹ kohiohiẹ evaọ obọ iwhre?	ọkpa na ọ rẹ gadiẹ eru idhe o ve bo gaga, ọ rẹ rọwo ahwo iwhre na nọ owezẹ, ọ vẹ hẹ nya ighẹ na wariẹ họ, nọ u te no ọhena no, ọvẹ hẹ guọlọ emu yọ ọbe fọhọ otọ na, orọurere, o ve e lele ekpa efa họrọ fiki oria.	The hen climbs to the roof and crows loudly. It wakes up the villagers from sleep. Then it walks around the compound. After that, it looks for food and scratches the ground. Finally, it fights other cocks for space. ovu na ọ rẹ gadiẹ eru idhe o ve bo gaga, ọ rẹ rọwo ahwo iwhre na nọ owezẹ, ọ vẹ hẹ nya ighẹ na wariẹ họ, nọ u te no ọhena no, ọvẹ hẹ guọlọ emu yọ ọbe fọhọ otọ na, orọurere, o ve e lele ekpa efa họrọ fiki oria.	0
Nọ ohọ u te bi kpe ẹwe, ẹvẹ uruemu riẹ o rẹ jọ?	ẹwe na o re bo gaga evaọ akotọ uwou na, ọ rẹ dhẹ kpohọ ẹthẹ na nọ ọbe guọlọ emu, uve duhu uzou ruẹ họ evaọ ekete na, nọ u te no ọhena no, ọ vẹ hẹ re evoriẹ elẹ avọ oghọghọ, orọurere, o ve serihọ evaọ otọ uhre na.	ẹwe na o re bo ẹrera evaọ akotọ uwou na, ọ rẹ dhẹ kpohọ ẹthẹ na nọ ọbe guọlọ emu, uve duhu uzou ruẹ họ evaọ ekete na, nọ u te no ọhena no, ọ vẹ hẹ re evoriẹ elẹ avọ oghọghọ, orọurere, o ve serihọ evaọ otọ uhre na.	0
Nọ ovu o te fi ike họ no, eme o re ru?	Ovu na o re si ike riẹ no fihọ akotọ, ọve keria ae ẹrera re e roro, ọ vẹ họ gbọ gaga re o le erara no, nọ u te no ọhena no, ọ vẹ nya vrẹ umuthoke re ọ e guọlọ emuore, orọurere, o ve zihieze vẹrẹ re ruru ike riẹ.	Ovu na o re si unwe riẹ no fihọ akotọ, ọve keria ae ẹrera re e roro, ọ vẹ họ gbọ gaga re o le erara no, nọ u te no ọhena no, ọ vẹ nya vrẹ umuthoke re ọ e guọlọ emuore, orọurere, o ve zihieze vẹrẹ re ruru ike riẹ.	0
ẹvẹ imẹlu I re ru evaọ ẹwọ?	imẹrẹlu na a rẹ nye ebe na vrẹ ẹrera, a ve ruwẹ totọ re a re ebe ekpokpo, a vẹ da ame evaọ ethẹ, nọ u te no ọhena no, a ve kiẹzẹ serihọ, orọurere, a vẹ tehe usu họ zihie kpohọ obọ iwhre na.	imẹrhumela na a rẹ nye ebe na vrẹ ẹrera, a ve ruwẹ totọ re a re ebe eyaya, a vẹ da ame evaọ ethẹ, nọ u te no ọhena no, a ve kiẹzẹ serihọ, orọurere, a vẹ tehe usu họ zihie kpohọ obọ iwhre na.	0
ẹvẹ erakọ I re ru nọ ọrara ọ tẹ nyaze?	Erakọ na a rẹ dhẹ kpohọ obọ ẹthẹ na ovẹrẹ, a vẹ gbọ gaga re orua na o vẹ riẹ, a ve dikihiẹ gaga bi dhesẹ akọ rai, nọ u te no ọhena no, a vẹhẹ dhẹ wariẹ ọrara na họ. orọurere, a ve dikihiẹ bẹsenọ ọnowo rai ọ rẹ nyatha.	Erakọ na a rẹ dhẹ kpohọ obọ ẹthẹ na ovẹrẹ, a vẹ gbọ gaga re orua na o vẹ riẹ, a ve dikihiẹ gaga bi dhesẹ akọ rai, nọ u te no ọhena no, a vẹhẹ dhẹ wariẹ ọrara na họ. orọurere, a ve dikihiẹ bẹsenọ ọwegrẹ rai ọ rẹ nyatha.	0
Eme igodẹ I re ru nọ a tẹ ruẹ oriri rai?	igodẹ na a re kokohọ oriọvo vẹrẹ, avehe lele oriri na nọ ọ tẹ be nyavrẹ, nọ ọ tẹ viọlọ oviọlọ a vẹ gaviezọ, nọ u te no ọhena no, a vẹhẹ re ebe nọ o bi su ae na, orọurere, a ve kiẹzẹ fihọ ebe na dhedhẹ.	igodẹ na a re kuoma rai dhere, avehe lele oriri na nọ ọ tẹ be nyavrẹ, nọ ọ tẹ viọlọ oviọlọ a vẹ gaviezọ, nọ u te no ọhena no, a vẹhẹ re ebe nọ o bi su ae na, orọurere, a ve kiẹzẹ fihọ ebe na dhedhẹ.	0
Eme ibusu a re ru evaọ owọwọ?	Ibusu na a rẹ gadiẹ ogba na vẹrẹ, a vẹ hẹ guọlọ edhokpa ẹrera, nọ a tẹ ruẹ ọvo a ve lei vẹrẹ, nọ u te no ọhena no, a vẹ rehọ ọnọ a mu zaro, orọurere, a ve serihọ evaọ akotọ era na.	Ighogho na a rẹ gadiẹ ogba na vẹrẹ, a vẹ hẹ guọlọ edhokpa ẹrera, nọ a tẹ ruẹ ọvo a ve lei vẹrẹ, nọ u te no ọhena no, a vẹ rehọ ọnọ a mu zaro, orọurere, a ve serihọ evaọ akotọ era na.	0
Nọ ẹnyenya ọ tẹ re gaga eme o re ruẹ?	ẹnyenya na, ọ rẹ dhẹ ẹbe na vrẹ, ọ rẹ rehọ ekothuawọ riẹ whẹ ovu, ọ vẹ họ rehọ ubo ogaga ro dhesẹ ẹgba riẹ, nọ u te no ọhena no, o ve he vo egba esese vrẹ, orọurere, o ve ruwẹ da ame evaọ ethẹ.	ẹnyenya na, ọ rẹ dhẹ ẹbe na vrẹ, ọ rẹ rehọ ekothuawọ riẹ whẹ ovu, ọ vẹ họ rehọ ubo ogaga ro dhesẹ ẹgba riẹ, nọ u te no ọhena no, ọ vẹ keria eru egba esese vrẹ, orọurere, o ve ruwẹ da ame evaọ ethẹ.	0
ẹvẹ edọgumọ o re ru evaọ akotọ ame?	edọgumọ a rẹ tehe usu họ kpohọ obọ ethẹ, a vẹ hẹ haọ ẹrera evaọ eru ame na, a ve dhe uzou rai họ otọ ame na, nọ u te no ọhena no, a vẹ kparoma jẹ tehe ibekpe rai, orọurere, a ve serihọ evaọ unueri na.	edọgumọ a rẹ tehe usu họ kpohọ obọ ethẹ, a vẹ hẹ haọ ẹrera evaọ eru ame na, a ve dhe uzou rai họ otọ ame na, nọ u te no ọhena no, a vẹ kparoma jẹ tehe ibekpe rai, orọurere, a ve serihọ evaọ ugberu na.	0
Eme emewa I re ru nọ a tẹ ruẹ ishuga?	Emewa na a rẹ wariẹ ishuga na họ ovovẹrẹ, a vẹ hẹ wọ ibi esese kpohọ ughogho rai, a vẹ tehe usu uthethe họ, nọ u te no ọhena no, a ve ku emu n adhere otọ. orọurere, a ve zihiẹ kẹ efa.	Emewa na a rẹ wariẹ ewhọ na họ ovovẹrẹ, a vẹ hẹ wọ ibi esese kpohọ ughogho rai, a vẹ tehe usu uthethe họ, nọ u te no ọhena no, a ve ku emu n adhere otọ. orọurere, a ve zihiẹ kẹ efa.	0
 ẹvẹ who ro se owho	 Who re se inọmba na whọ vẹ nyẹ ubi ese	 Who re se inọmba na whọ vẹ nyẹ ubi obrudhe	0
Eme whọ rọ kiẹ intanẹte	 Who re wo edata avọ enọtwọko	Who re wo edata avọ ẹgha	0
 ẹvẹ whọ rọ sẹro efaile	Whọ rẹ nyẹ ubi esẹro na	Whọ rẹ nyẹ ubi efurie na	1
Eme whọ rẹ rehọ epaswọdo ru	Who re kue dhere orobọ	Who re fie họ ughe	0
ẹvẹ whọ rọ rehọ uwoho	Whọ rẹ nyẹ ubi uwoho nọ o rọ otaẹme na	Whọ rẹ nyẹ ubi okele nọ o rọ otaẹme na	0
Eme ikibọdọ o re fiobọhọ kẹ owhẹ ru	o re fiobọhọ kẹ owhẹ kere ibieme gbọ inọmba	o re fiobọhọ kẹ owhẹ kere ibieme gbọ erao	0
ẹvẹ whọ re ro e apo	Whọ rẹ nyẹ oka nọ o rọ uskrini na	Whọ rẹ nyẹ oka nọ o rọ otọ na	0
eme ọrẹ via nọ who te momo ugho	Orọ ogbahọ nọ whọ rẹ wai zihie	Orọ ogbahọ nọ whọ rẹ rahiẹ zihie	0
Eme whọ rọ dẹ eware	Whọ rẹ rehọ ugho rọ dẹ eware	Whọ rẹ rehọ utho rọ dẹ eware	0
Eme họ omaoma	kohe họ oma opa nọ whọ rọ re igho ra	kohe họ oma opa nọ whọ rọ re emu ra	0
Fikieme who ro fi ugho ra họ oko	Re ugho na u vihọ kẹ obaroakpọ	Re ugho na u vihọ kẹ okenovrẹ	0
Eme ọrẹvia nọ whọ tẹ re ugho ra avọ areghẹ	Who re wo oware nọ who re kokohọ ẹsikpobi	Who re wo oware ovo nọ who re kokohọ họ	0
Eme awho a rẹ dẹ	A rẹ dẹ ekwakwa	A rẹ dẹ iguẹgu	0
Eme họ osa	Osa yọ oware nọ a rẹ wha kẹ iruo	Osa yọ oware nọ a rẹ wha kẹ iruo ho	1